<?xml version="1.0" encoding="UTF-8"?>
<project-private xmlns="http://www.netbeans.org/ns/project-private/1">
    <editor-bookmarks xmlns="http://www.netbeans.org/ns/editor-bookmarks/2" lastBookmarkId="0"/>
    <open-files xmlns="http://www.netbeans.org/ns/projectui-open-files/2">
        <group>
            <file>file:/C:/JAVA/JAVAEXP/DynamicMemory/src/dynamicmemory/Persona.java</file>
            <file>file:/C:/JAVA/JAVAEXP/DynamicMemory/src/dynamicmemory/Menu.java</file>
            <file>file:/C:/JAVA/JAVAEXP/DynamicMemory/src/dynamicmemory/Empleado.java</file>
            <file>file:/C:/JAVA/JAVAEXP/DynamicMemory/src/dynamicmemory/DynamicMemory.java</file>
        </group>
    </open-files>
</project-private>
