<?xml version="1.0" encoding="UTF-8"?>
<project-private xmlns="http://www.netbeans.org/ns/project-private/1">
    <editor-bookmarks xmlns="http://www.netbeans.org/ns/editor-bookmarks/2" lastBookmarkId="0"/>
    <open-files xmlns="http://www.netbeans.org/ns/projectui-open-files/2">
        <group>
            <file>file:/C:/JAVA/JAVAEXP/Examen1PabloJacobo/src/examen1pablojacobo/TipoA.java</file>
            <file>file:/C:/JAVA/JAVAEXP/Examen1PabloJacobo/src/examen1pablojacobo/Electrodomestico.java</file>
            <file>file:/C:/JAVA/JAVAEXP/Examen1PabloJacobo/src/examen1pablojacobo/TipoB.java</file>
            <file>file:/C:/JAVA/JAVAEXP/Examen1PabloJacobo/src/examen1pablojacobo/Menu.java</file>
            <file>file:/C:/JAVA/JAVAEXP/Examen1PabloJacobo/src/examen1pablojacobo/Examen1PabloJacobo.java</file>
        </group>
    </open-files>
</project-private>
